746	Aceite de algodón	Cotton oil
747	Aceite de cacahuete	Peanut oil
748	Aceite de coco	Coconut oil
753	Aceite de colza	Rape oil
749	Aceite de germen de trigo	Wheat germ oil
2541	Aceite de girasol	Sunflower oil
754	Aceite de grano de uva	Grape seed oil
755	Aceite de hígado de bacalao	Cod liver oil
2542	Aceite de lino	Flaxseed oil
750	Aceite de nuez	Walnut oil
2543	Aceite de oliva	Olive oil
2544	Aceite de oliva virgen extra	Extra virgin olive oil
2545	Aceite de oliva virgen extra, producción ecologica	Extra virgin olive oil, organic
751	Aceite de palma	Palm oil
752	Aceite de sésamo	Sesame oil
2546	Aceite de soja	Soye, oil
2214	Aceituna	Olive
2215	Aceituna negra, con hueso	Olive, black, with bone
2212	Acelga, cruda	Chard, raw
2359	Acelga, en conserva	Swiss chard, canned
2360	Acelgas, hervidas	Chard, boiled
733	Achicoria, cruda	Chicory, raw
2425	Agua de la red	Tap water
2426	Agua mineral, mineralización debil	Mineral water
1015	Agua, con gas, embotellada	Sparkling water, bottled
2216	Aguacate	Avocado
2217	Aguacate congelado	Avocado, frozen
2427	Aguardiente	Aguardiente
2361	Ajo	Garlic
2573	Ajo, en polvo	Garlic, powder
2362	Ajo, frito	Garlic, fried
2473	Albahaca	Basil
2218	Albaricoque	Apricot
2474	Albondigas en conserva	Meatball, canned
1176	Alcachofa, cruda	Artichoke, frozen, raw
2363	Alcachofas en conserva	Artichoke, canned
2364	Alcaparra	Caper
790	Alioli	Garlic mayonnaise, oil unspecified
2640	Almeja	Clams
2641	Almejas en conserva	Canned clams
896	Almendra, cruda	Almond, raw
2181	Almendra, cruda, con cáscara	Almond, raw, in shell
897	Almendra, frita, salada	Almond, fried, salted
2182	Almendra, tostada	Almond, toast
893	Almidón de arroz	Rice starch
1012	Almidón de maíz	Corn starch
895	Almidón de trigo	Wheat starch
2183	Altramuz	Lupin
898	Alubia blanca, en conserva	White bean, canned
899	Alubia blanca, seca, cruda	White bean, dried, raw
900	Alubia negra, seca, remojada, hervida	Pinto bean, dried, steeped, boiled
922	Anacardo, crudo	Cashew nut, raw
2129	Anchoas en aceite vegetal	Anchovy in vegetable oil
735	Anguila, al horno	European eel, baked
736	Anguila, cruda	European eel, raw
737	Anguila, hervida	Europan eel, boiled
1169	Angula, cruda	Elver, raw
1022	Anís, seco	Anisette, dry
789	Aperitivos de trigo	Wheat appetizer
2366	Apio, crudo	Celery, raw
739	Apio, en conserva en salmuera	Celery, canned, in brine
2368	Arandano	Bilberry
740	Arenque, ahumado	Herring, smoked
741	Arenque, salado	Herring, salted
2660	Arroz	Rice
2479	Arroz con leche	Rice with milk
1120	Arroz hinchado, para el desayuno, enriquecido	Puffed rice, breakfast cereals, enriched
904	Arroz integral, crudo	Rice, brown, raw
1009	Arroz integral, hervido	Rice, brown, boiled
2661	Arroz, hervido	Rice, boiled
2130	Atún en aceite de oliva isabel	Tuna in olive oil
2131	Atun en aceite vegetal	Tuna in vegetable oil
2132	Atún en escabeche	Pickled tuna
742	Atún, al horno	Tuna, baked
2133	Atún, al natural	Tuna, canned in water
2134	Atún, crudo	Tuna, raw
2135	Atún, plancha	Tuna, griddle
2219	Avellana	Hazelnut
2184	Avellana, cruda, con cáscara	Filbert or hazelnut, raw, in shell
1010	Avena, cruda	Oat, raw
2253	Avestruz, solomillo, crudo	Ostrich, sirloin, raw
2475	Azafrán	Saffron
2642	Azúcar blanca	Sugar, white
780	Azúcar, moreno	Sugar, brown
2136	Bacaladilla	Whiting
745	Bacalao, ahumado	Cod, smoked
2302	Bacalao, crudo	Cod, raw
795	Bacalao, fresco, al horno	Cod, fresh, baked
2304	Bacalao, frito	Codfish, fried
1163	Bacalao, salado, crudo	Cod, salted, raw
797	Bacalao, salado, remojado, crudo	Cod, salted, steeped, raw
680	Bacón, ahumado, a la parrilla	Bacon, smoked, grilled
682	Bacon, crudo, con grasa separable	Bacon, raw, with separable fat
2369	Bambú, crudo	Bamboo, raw
766	Barra chocolate, tipo "bounty"	Chocolate bar, type "bounty"
770	Barra de chocolate, tipo "Kit-kat"	Chocolate bar, type "kit kat"
769	Barra de chocolate, tipo "Mars"	Chocolate bar, type "mars"
2662	Barrita cereales con chocolate	Cereal bar, with chocolate
2663	Barrita cereales con frutas	Cereal bar, with fruit
767	Barrita cereales maíz y trigo	Cereal bar, with corn and wheat
768	Barrita cereales trigo y chocolate	Cereal bar, with wheat and chocolate
2480	Batido de chocolate	Milk shake, chocolate
2481	Batido de fresa	Milk shake, strawberry
2482	Batido de soja	Soya shake
2519	Batido fermentado de soja	Soy yogurt
683	Batido lácteo de cacao, bajo en calorías	Milk shake, cacao, light
685	Batido lácteo, de fresa, bajo en calorías	Milk shake, strawberry, light
2491	Bebida de soja	Soya drink
2429	Bebida energética	Energy drink
2430	Bebida isotónica	Sport drink
2306	Berberechos	Cockles
2307	Berberechos en conserva	Cockles, canned
2370	Berenjena	Aubergine
730	Berenjena, frita, en aceite de girasol	Aubergine, fried, in sunflowerseed oil
732	Berro, crudo	Watercress, raw
2312	Besugo	Sea bream
798	Bígaro, hervido	Periwinkle, boiled
2664	Bizcocho	Sponge cake
2476	Bocadillo	Sandwich
2313	Bogavante	Clawed lobster
799	Bogavante, hervido	Lobster, boiled
2665	Bollería, genérico	Bakery
2647	Bombón	Chocolate
731	Boniato, crudo	Sweet potato, raw
800	Bonito del norte, al vapor	Albacore, steamed
801	Bonito del norte, enlatado en aceite de soja	Albacore, canned, soybean oil
2314	Bonito en aceite vegetal	Albacore in vegetable oil
802	Bonito, enlatado en aceite, escurrido	Albacore, canned in oil, drained
2316	Boquerón	Anchovy
2318	Boquerón, frito	Anchovy, fried
2371	Borraja	Borage
803	Breca, cruda	Pandora, raw
1177	Brécol, crudo	Broccoli, raw
2372	Brécol, hervido	Broccoli, boiled
2254	Butifarra	Butifarra sausage
804	Caballa, al horno	Mackerel, baked
2319	Caballa, cruda	Mackarel, raw
805	Caballa, enlatada en aceite, escurrida	Mackerel, canned in oil, drained
806	Cabracho o rascacio, crudo	Red rockfish, raw
2711	Cabrito lechal, costillar, asado	Kid, ribs, roasted
2685	Cabrito lechal, costillar, crudo	Kid, ribs, raw
2686	Cabrito lechal, espalda, cruda	Kid, back, raw
2687	Cabrito lechal, pierna, cruda	Kid, leg, raw
686	Cabrito, parte s/e, crudo, con grasa separable	Kid, part n/e, raw, with separable fat
2185	Cacahuete, crudo, con cáscara	Peanut, raw, in shell
925	Cacahuete, frito, salado	Peanut, fried, salted
2186	Cacahuete, tostado, salado	Peanut, toasted, salted
2648	Cacao en polvo, azucarado	Soluble cocoa, with sugar, powder
2431	Cacao, en polvo, azucarado, bajo en calorías	Soluble cocoa, with sugar, powder, light
681	Café, con leche	Coffee infusion, with milk
1019	Café, en grano o molido, descafeinado	Coffee, seed or powder, descaffeinated
1109	Café, en polvo, sin reconstituir	Coffee, powder
2432	Café, en polvo, soluble	Soluble coffee, powder
2433	Café, infusión	Coffee, brewed
2434	Café, infusión, descafeinado	Coffee, brewed, decaffeinated
2435	Café, sucedáneo, soluble	Coffee, substitute, instant
2376	Calabacín	Courgette
2377	Calabacín, asado	Courgette, roasted
2378	Calabaza, cruda	Pumpkin, raw
1183	Calabaza, hervida	Pumpkin, boiled
2320	Calamar, asado	Squid, roasted
1164	Calamar, conserva	Squid, canned
807	Calamar, crudo	Squid, raw
2323	Calamares en aceite vegetal	Squid in vegetable oil
792	Caldo vegetal	Vegetable stock
687	Callos de ternera	Tripe, veal, raw
2321	Camarón	Shrimp or common prawn
2477	Canela, en polvo	Cinnamon, powder
2478	Canelones	Canneloni
2324	Cangrejo	Crab
2325	Cangrejo de río crudo	Crayfish raw
810	Cangrejo, en conserva	Crayfish, canned
2379	Canonigos	Lamb's lettuce
2213	Caqui	Persimmon
2326	Caracol	Snail
2645	Caramelo	Candy
2380	Cardo	Cardoon
2327	Cardo, tallo, en conserva	Cardoon, stalk, canned
2701	Carne de cerdo de capa blanca, cabezada, parte magra, cruda	Pork meat, head end of loin, lean, raw
2700	Carne de cerdo de capa blanca, cabezada, partes grasa y magra, crudo	Pork meat, head end of loin, separable lean and fat, raw
2697	Carne de cerdo de capa blanca, chuleta, parte magra, cruda	Pork meat, chop, lean, raw
2696	Carne de cerdo de capa blanca, chuleta, partes grasa y magra, cruda	Pork meat, chop, separable lean and fat, raw
2699	Carne de cerdo de capa blanca, jamón, parte magra, crudo	Pork meat, ham, lean, raw
2698	Carne de cerdo de capa blanca, jamón, partes grasa y magra, crudo	Pork meat, ham, separable lean and fat, raw
2695	Carne de cerdo de capa blanca, lomo, parte magra, crudo	Pork meat, loin, lean, raw
2694	Carne de cerdo de capa blanca, lomo, partes grasa y magra, crudo	Pork meat, loin, separable lean and fat, raw
2706	Carne de vacuno, cadera, partes magra y grasa, crudo	Veal, hip, separable lean and fat, raw
2710	Carne de vacuno, carrillera, partes magra y grasa, crudo	Veal, cheeks, separable lean and fat, raw
2704	Carne de vacuno, costillar, partes magra y grasa, crudo	Veal, ribs, separable lean and fat, raw
2702	Carne de vacuno, lomo, partes magra y grasa, crudo	Veal, loin, separable lean and fat, raw
2708	Carne de vacuno, rabo, partes magra y grasa, crudo	Veal, tail, separable lean and fat, raw
2705	Carne de vacuno, redondo, partes magra y grasa, crudo	Veal, round, separable lean and fat, raw
2703	Carne de vacuno, solomillo, partes magra y grasa, crudo	Veal, sirloin, separable lean and fat, raw
2680	Carne picada	Mincemeat
811	Carpa, al horno	Carp, baked
812	Carpa, cruda	Carp, raw
2187	Castaña, cruda	Chestnut
935	Castaña, tostada	Chestnut, roasted
2436	Cava	Sparkling wine, "cava" type
2338	Caviar	Caviar
1014	Cebada, cruda	Barley, raw
2381	Cebolla	Onion
2382	Cebolla, asada	Onion, roasted
2383	Cebolla, hervida	Onion, boiled
850	Cebollino, crudo	Chive, raw
2256	Cecina	Couring beef
1187	Centeno, crudo	Rye, raw
2328	Centollo, crudo	Crab, raw
2257	Cerdo, chuleta, crudo	Pork, chop, raw
2258	Cerdo, costilla, crudo	Pork, rib, raw
688	Cerdo, lomo, asado	Pork, loin, roasted
2259	Cerdo, lomo, crudo	Pork, loin, raw
2260	Cerdo, panceta, cruda	Bacon, raw
2261	Cerdo, parte sin especificar	Pork, not specified part
689	Cerdo, pierna, cruda, con grasa separable	Pork, leg, raw, with separable fat
961	Cerdo, solomillo, asado	Pork, sirloin, roasted
1021	Cerdo, solomillo, crudo	Pork, sirloin, raw
2666	Cereales base trigo y chocolate	Breakfast cereals, wheat and chocolate
1018	Cereales desayuno base de arroz chocolateado	Breakfast cereal, rice with chocolate
1026	Cereales desayuno base de arroz y miel	Breakfast cereal, rice with honey
1028	Cereales desayuno base de arroz, trigo y fruta	Breakfast cereal, rice, wheat and fruit
1031	Cereales desayuno base de maíz y miel	Breakfast cereal, corn with honey
1032	Cereales desayuno base de maíz y trigo	Breakfast cereal, corn and wheat
1188	Cereales desayuno base de maíz, trigo y avena	Breakfast cereal, corn, wheat and oat
1034	Cereales desayuno base de trigo azucarado	Breakfast cereal, wheat with sugar
1035	Cereales desayuno base de trigo y arroz	Breakfast cereal, wheat and rice
1036	Cereales desayuno base de trigo y frutas	Breakfast cereal, wheat and fruit
1038	Cereales desayuno base de trigo y miel	Breakfast cereal, wheat and honey
1039	Cereales desayuno base de trigo, avena, maiz y miel	Breakfast cereal, wheat, oat, corn and honey
1040	Cereales desayuno base de trigo, avena, maíz, miel y nueces	Breakfast cereal, wheat, oat, corn, honey and nuts
2155	Cereales desayuno base muesli	Breakfast cereal, granola
1042	Cereales desayuno, maíz azucarado	Breakfast cereal, corn with sugar
1119	Cereales para el desayuno, ricos en fibra, tipo "all-bran"	Breakfast cereal, whole wheat, "all bran" type
2667	Cereales, en polvo, solubles (eko)	Soluble cereals, powder
2220	Cereza	Cherry
2437	Cerveza con alcohol	Beer
2438	Cerveza sin alcohol	Non-alcoholic beer
2439	Cerveza, baja en alcohol	Beer, low alcohol
1108	Cerveza, oscura, 8°- 9°	Beer, stout, 8°- 9°
2384	Champiñon	Mushroom (champignon)
2385	Champiñones en conserva	Mushrooms, canned
2221	Chayote, crudo	Chayote, raw
2649	Chicle, sin azúcar	Chewing gum
793	Chile, rojo	Chili pepper, red
794	Chile, verde	Chili pepper, green
2329	Chipiron	Baby squid
2222	Chirimoya	Custard apple
2330	Chirla	Baby clam
2262	Chistorra	Chistorra sausage
2650	Chocolate blanco	White chocolate
2651	Chocolate con leche	Milk chocolate
776	Chocolate con leche y almendras	Chocolate with milk and almonds
777	Chocolate con leche y arroz	Chocolate with milk and rice
778	Chocolate con nueces de macadamia	Chocolate with macadamian nuts
781	Chocolate negro, con almendras	Chocolate, bitter, with almonds
782	Chocolate negro, con azúcar	Chocolate bitter, with sugar
788	Chocolate, negro	Chocolate, bitter
2263	Choped pork	Pork luncheon meat
2264	Chorizo	Chorizo
971	Chufa, cruda	Tigger nut, raw
2668	Churro	Cruller
962	Ciervo, parte s/e, crudo, con grasa separable	Deer, piece n/e, raw, with separable fat
2331	Cigala	Scampi
1172	Ciruela, con piel, cruda	Yellow plum, with skin, raw
2223	Ciruela, sin piel	Skinned plum
908	Coco, desecado	Coconut, dried
909	Coco, fresco	Coconut, raw
2386	Col blanca, cruda	Cabbage, white, raw
1180	Col de bruselas, cruda	Brussels sprout, frozen
1178	Col lombarda, hervida	Red cabbage, boiled
852	Col rizada, cruda	Savoy cabbage, raw
859	Coliflor, congelada, cruda	Cauliflower, frozen, raw
2387	Coliflor, hervida	Cauliflower, boiled
2571	Comino	Cumin
2572	Complejo vitaminico	Vitamin complex
1107	Coñac	Cognac
1162	Conejo de granja, carne, cruda	Farm rabbit, meat, raw
964	Conejo, entero, estofado	Rabbit, whole, stewed
1165	Confitura, frutas s/e, baja en calorías	Preserve fruit, fruit n/e, light
2332	Congrio	Conger
966	Corazón de cordero, crudo	Heart, lamb, raw
970	Corazón de pollo, crudo	Heart, chicken, raw
2265	Corazon de vaca, crudo	Beef (cow), heart, raw
972	Corazón, de cerdo, crudo	Pork, heart, raw
973	Corazón, de vaca/buey, cocido	Beef (cow/ox), heart, boiled
1024	Corazón, de vaca/buey, crudo	Beef (cow/ox), heart, raw
2712	Cordero lechal, costillar, asado	Suckling lamb, ribs, roasted
2688	Cordero lechal, costillar, crudo	Suckling lamb, ribs, raw
2689	Cordero lechal, espalda, cruda	Suckling lamb, back, raw
2690	Cordero lechal, pierna, cruda	Suckling lamb, leg, raw
2713	Cordero ligero, costillar, asado	Light lamb, ribs, roasted
2691	Cordero ligero, costillar, crudo	Light lamb, ribs, raw
2692	Cordero ligero, espalda, cruda	Light lamb, back, raw
2693	Cordero ligero, pierna, cruda	Light lamb, leg, raw
2266	Cordero, costilla, crudo	Lamb, rib, raw
2267	Cordero, parte sin especificar	Lamb, not specified part
974	Cordero, pierna, con grasa, asada	Lamb, leg, with separable fat, baked
2574	Corteza de trigo	Wheat crusts
2483	Crema catalana	Catalan creme
2188	Crema de almendras	Almond, cream
979	Crema de cacahuete	Peanut butter
783	Crema de chocolate con avellanas	Chocolate paste with hazelnuts
903	Crema de chocolate y nata	Chocolate and cream pudding
902	Crema de chocolate, baja en calorías	Chocolate cream, low calorie
901	Crema de coco	Coconut cream
877	Crema de vainilla y mousse de chocolate	Vanilla cream and chocolate mousse
784	Crema inglesa	English custard
787	Crema pastelera	Custard
2484	Cremoso san millan	"san millan" creamy cheese
2669	Croissant	Croissant
1043	Croissant de chocolate	Croissant with chocolate
2268	Croquetas de pollo	Chicken croquettes
2485	Cuajada	Curdled milk
2440	Cubata	Ron with soft drink
2622	Cubito de caldo	Stock powder
2621	Curry	Curry
2224	Dátil	Date
2670	Donut	Doughnut
1044	Donut, de chocolate	Doughnut, with chocolate
815	Dorada, cruda	Gilt-head bream, raw
2333	Dorada, plancha	Gilt-head bream, griddle
2620	Empanada de carne	Meat pasty
2619	Empanadilla	Pasty, frozen, n/e
2388	Endibia	Endive
2618	Eneldo, seco	Dill, dried
2671	Ensaimada	Ensaimada
2389	Ensalada	Salad
2617	Ensaladilla rusa	Russian salad
2390	Escarola	Escarole
1179	Espárrago, verde	Asparagus, green
2393	Esparragos blancos en conserva	Asparagus, white, canned
2394	Espinaca, en conserva	Spinach, canned
2395	Espinaca, hervida	Spinach, boiled
861	Espinaca, picada, congelada, cruda	Spinach, frozen, raw
2616	Fabada	Bean, stew "fabada" type
2334	Faneca, cruda	Pout, raw
2615	Flamenquín	Pork loin, cheese and ham roll, breaded, fried, "flamenquin" type
2486	Flan de huevo	Egg custard
876	Flan de huevo, bajo en calorías	Caramel custard cream, diet
2335	Fletan, crudo	Halibut, raw
2269	Foie gras	Foie gras
914	Frambuesa, cruda	Raspberry, raw
2225	Fresa	Strawberry
2602	Fritos de maíz	Corn chips
786	Fructosa	Fructose
2189	Frutos secos	Nuts
1161	Fuet	Cured sausage, "fuet" type
1046	Galleta ,tipo "digestiva", con chocolate	Cookie, "digestive" type, with chocolate
2672	Galleta salada	Cookie, salted
1048	Galleta, barquillo, con jalea de frutas	Biscuit, fruit jam filled, comercial
1050	Galleta, cubierta de chocolate	Cookie, chocolate covered
2673	Galleta, genérico	Cookie
1102	Galleta, tipo "Digestiva"	Cookie, "digestive" type
2674	Galletas integrales	Crackers
875	Galletas saladas, con queso	Cookies, salted, with cheese
2675	Galletas tipo maria	Maria crackers
1051	Galletas, con chocolate, tipo "cookies"	Cookie, with chocolate
1052	Galletas, de mantequilla	Butter cookie
975	Gallina, entera, cruda	Hen, whole, raw
2336	Gallo	Fourspotted megrim
816	Gamba quisquilla, congelada	Shrimp, frozen, raw
817	Gamba roja, cruda	Red shrimp, frozen, peeled, raw
2337	Gamba, hervida	Shrimp, boiled
2191	Garbanzo, en conserva	Chickpea, canned
2192	Garbanzo, hervido	Chickpea, boiled
1020	Garbanzo, seco, crudo	Chickpea, dried, raw
2614	Gazpacho	Cold vegetal soup, gazpacho
2613	Gelatina	Jelly
1111	Germen de trigo	Wheat germ
2441	Ginebra	Gin
2676	Gofio	Gofio
2612	Gomasio	Gomasio
2652	Gominola, genérica	Jelly
2226	Granada	Pomegranate
2547	Grasa de pollo	Chiken fat
2396	Grelo	Turnip greens
1185	Grosella negra, cruda	Black currant, raw
999	Grosella, cruda	Red currant, raw
1166	Guayaba, enlatada en almíbar	Guava, canned in syrup
938	Guayaba, sin piel, cruda	Guava, without skin, raw
2611	Guindilla, en polvo	Chili or hotpepper, powder
2610	Guindilla, picante	Chili or hot pepper
1175	Guisante, congelado, crudo	Pea, frozen, raw
1045	Guisante, congelado, hervido	Pea, frozen, boiled
1049	Guisante, seco, crudo	Pea, dried, raw
2193	Guisantes en conserva	Pea, canned
2609	Gusanito	Snack, "gusanito" type
2194	Haba, fresca	Broad bean, fresh
2195	Haba, frita	Broad bean, fried
1123	Haba, seca	Broad bean, dried
1128	Haba, seca, remojada, hervida	Broad bean, dried, steeped, boiled
1054	Harina de avena	Oat flour
1055	Harina de avena, cocida en agua	Oat flour, boiled in water
1056	Harina de cebada	Barley flour
1112	Harina de centeno	Rye flour
2644	Harina de maíz	Corn flour
1125	Harina de soja	Soy flour
2677	Harina de trigo	Wheat flour
1113	Harina de trigo, integral	Wheat whole flour
2487	Helado de chocolate	Chocolate ice cream
2488	Helado de fresa	Strawberry ice cream
2489	Helado de nata	Cream ice cream
2270	Higado de pollo, crudo	Liver, chicken, raw
967	Hígado, de cerdo, crudo	Liver, pork, raw
1053	Hígado, de vaca/buey, crudo	Liver, beef, raw
2227	Higos y brevas	Figs
2608	Hinojo	Fennel
2607	Hojaldre	Puff pastry
2442	Horchata	Tigger nut milk drink
757	Huevo de codorniz, entero, crudo	Egg, quail, whole, raw
2127	Huevo de gallina fresco	Egg, chicken, whole, raw
1173	Huevo de gallina, clara, cruda	Egg,chicken, white, raw
758	Huevo de gallina, escalfado	Egg, chicken, whole, poached
759	Huevo de gallina, frito	Egg, chicken, whole, fried
2126	Huevo de gallina, hervido, duro	Egg, chicken, cooked, hard boiled
760	Huevo de gallina, pasado por agua	Egg, chicken, whole, boiled
761	Huevo de gallina, revuelto, con mantequilla	Egg, scrambled, with butter
2125	Huevo de gallina, yema, cruda	Egg, chiken, yolk, raw
762	Huevo de gallina, yema, desecada	Egg, chicken, yolk, dried
764	Huevo de pato, crudo	Egg, duck, whole, raw
763	Huevo de pavo, entero, crudo	Egg, turkey, whole, raw
2443	Infusión	Infusion
2653	Jalea real	Royal jelly
2271	Jamón asado	Ham, roasted
965	Jamón cocido, categoría s/e	Cooked ham, category n/e
2272	Jamón cocido, enlatado	Cooked ham, canned
1781	Jamón ibérico de bellota	Iberian acorn-feed ham
1777	Jamón ibérico de cebo	Iberian ham of land cebo-feed
2273	Jamón serrano	Cured ham
2606	Jengibre	Ginger
2196	Judía blanca	White bean
2197	Judía pinta	Pinto bean
878	Judía verde, congelada, cruda	Green bean, frozen, raw
2198	Judía verde, cruda	Green been, raw
2397	Judia verde, hervida	Green bean, boiled
2199	Judías blancas, cocidas	White bean, boiled
2398	Judias verdes en conserva	Green bean, canned
818	Jurel, crudo	Horse mackerel, raw
2123	Kebab	Kebab
1168	Kefir	Kefir
2605	Ketchup	Ketchup
2228	Kiwi	Kiwi
2274	Lacón	Shoulder cured ham, "lacon"
2509	Lactosa	Lactose
2339	Langosta	Lobster
2340	Langostino	Prawn, raw
2604	Lasaña	Lasagne
2603	Laurel, hoja	bay, leaf
907	Leche condensada, entera, con azúcar	Milk, whole, condensed, with sugar
2490	Leche de almendra	Almond milk
1000	Leche de cabra	Goat's milk
911	Leche de coco	Coconut milk
1002	Leche de oveja	Sheep's milk
2492	Leche de vaca, desnatada, condensada, con azúcar	Milk, skimmed, condensed, with sugar
2493	Leche de vaca, entera	Whole milk
912	Leche en polvo, semidesnatada	Milk, semi-skimmed, dried
2518	Leche fermentada, bifidobacterium, entera, natural	Fermented milk, plain
2494	Leche materna	human milk
913	Leche merengada	Milk, whipped
915	Leche, desnatada, pasteurizada	Milk, skimmed, pasteurized
916	Leche, semidesnatada, pasteurizada	Milk, semi-skimmed, pasteurized
2399	Lechuga	Lettuce
2548	Lecitina de soja	Soy lecithin
2275	Lengua de cerdo, cruda	Pork, tongue, raw
2276	Lengua de cordero, cruda	Lamb, tongue, raw
983	Lengua, de buey, cruda	Tongue, ox, raw
985	Lengua, de ternera, cruda	Tongue, veal, roasted
2341	Lenguado	Sole
820	Lenguado, al horno	Sole, baked
2342	Lenguado, frito	Sole, fried
2343	Lenguado, plancha	Sole, griddle
1126	Lenteja, en conserva	Lentil, canned
2200	Lenteja, hervida	Lentil, boiled
1065	Lenteja, seca, cruda	Lentil, dried, raw
2444	Licor apricot	Apricot liqueur
2445	Licor benedictine	Benedictine liqueur
2446	Licor curaçao	Curaçao liqueur
2447	Licor de café	Coffee liqueur
2428	Licor de crema 15-17% vol.	Cream liqueur 15-17% volume
2448	Licores de frutas	Fruits liqueur
986	Liebre, entera, cruda	Hare, whole, raw
821	Lija, cruda	Dogfish, raw
1001	Lima, cruda	Lime, raw
2449	Limonada	Lemonade
1003	Litchi, crudo	Litchis, raw
2400	Lombarda	Lombard
2277	Lomo embuchado	Cured pork, loin
2322	Longaniza	Sausage
2344	Lubina	Seabass
822	Lucio, al horno	Pike, baked
943	Macedonia de frutas, conserva en su jugo	Fruit salad, canned in own juice
2678	Magdalena	Muffin
879	Maíz, en mazorca, congelado, crudo	Corn, on the cob, frozen, raw
1114	Maíz, en mazorca, crudo	Corn, on the cob, raw
2229	Mandarina	Tangerine
2230	Mandarina, congelada	Tangerine, frozen
1186	Mango, crudo	Mango, without skin, raw
2549	Manteca	Pork lard
756	Mantequilla salada	Butter with salt
2550	Mantequilla, baja en calorías	Butter, light
2231	Manzana	Apple
2551	Margarina de maíz	Corn margarine
2552	Margarina, baja en calorías	Margarine, light
1060	Masa de hojaldre, cruda	Puff pastry, raw
2553	Mayonesa con aceite de girasol	Mayonnaise sunflower oil
874	Mayonesa, aceite de oliva	Mayonnaise, olive oil, home-prepared
873	Mayonesa, aceite de soja	Mayonnaise, soybean oil
2554	Mayonesa, baja en calorías	Mayonnaise light
2345	Mejillon	Mussel
823	Mejillón, en conserva, al natural	Mussel, canned in brine
2346	Mejillón, en escabeche	Mussel, pickled
824	Mejillón, hervido	Mussel, boiled
2232	Melocotón	Peach
2233	Melocotón en almíbar	Syrup peach
946	Melocotón, desecado	Peach, dried
2234	Melón	Melon
1006	Membrillo, crudo	Quince, raw
2401	Menestra de verduras, congelada	Vegetables, stewed, frozen
872	Menta, fresca	Mint, fresh
2347	Merluza fresca	Hake, raw
825	Merluza, congelada, cruda	Hake, frozen, raw
2348	Merluza, rebozada, frita	Hake, coat in batter, deep fried
771	Mermelada de albaricoque	Marmalade, apricot
2654	Mermelada de albaricoque y melocotón, baja en calorías	Marmalade, apricot and peach, light
772	Mermelada de ciruela	Marmalade, plum
2655	Mermelada de frambuesa	marmalade, raspberry
2656	Mermelada de fresa	Marmalade, strawberry
2657	Mermelada de fresa, baja en calorías	marmalade, strawberry, light
773	Mermelada de grosella roja	Marmalade, red currant
774	Mermelada de mora	Marmalade, blackberry
775	Mermelada de naranja	Marmalade, orange
826	Mero, crudo	Grouper, raw
2349	Mero, plancha	Grouper, griddle
2643	Miel	Honey
2156	Mijo	Millet
2157	Miso	Miso
2601	Mojo picon	Sauce, "mojo picón" type
2278	Molleja de cordero	Lamb gizzard
2280	Morcilla	Blood sausage
2281	Morcilla, frita	Blood sausage, fried
2282	Mortadela	Bologna
2600	Mostaza	Mustard
2496	Mousse de chocolate	Chocolate mousse
917	Mousse de queso fresco, con frutas	Mousse, cottage cheese, with fruits
918	Mousse de queso fresco, desnatado, azucarado	Mousse, cottage cheese, skimmed, with sugar
919	Mousse de queso fresco, desnatado, con frutas	Mousse, cottage cheese, skimmed, with fruit
920	Mousse de yogur, con frutas	Yogurt mousse, with fruits
921	Mousse de yogur, natural	Yogurt mousse, plain
2158	Muesli	Granola
827	Mújol, al horno	Thicklip grey mullet, baked
828	Mújol, crudo	Thicklip grey mullet, raw
880	Nabo, pelado, crudo	Turnip, peeled, raw
1062	Napolitana, rellena con crema de cacao	Flaky pastry, filled with chocolate cream
2235	Naranja	Orange
2555	Nata montada	Whipped cream
923	Nata, líquida, para cocinar, 18% de grasa	Cream, 18 % fat, uht
2497	Natillas sabor vainilla	Custard, vainilla flavored
2350	Nécora	Velvet crab
1106	Néctar de albaricoque, envasado	Apricot nectar
1027	Néctar de ciruela	Plum nectar
1057	Néctar de frutas exóticas, envasado	Tropical fruit nectar
1061	Néctar de mango, envasado	Mango nectar
1105	Néctar de maracuyá, envasado	Maracuya nectar
1104	Néctar de melocotón	Peach nectar
1103	Néctar de naranja, envasado	Orange nectar
1101	Néctar de pera, envasado	Pear nectar
1100	Néctar de piña	Pineapple nectar
1099	Néctar de pomelo	Grapefruit nectar
2236	Nectarina	Nectarine
881	Níscalo, crudo	Milk cap, raw
956	Níspero, con piel, crudo	Medlar, with skin, raw
2237	Nispero, conserva en su jugo	Medlar, canned in juice
2238	Nispero, sin piel , congelado	Medlar, withouth skin, frozen
2201	Nuez	Walnut
2599	Nuez moscada	Nutmeg
2202	Nuez, cruda, con cáscara	Walnut, raw, in shell
978	Oca, sin piel, asada	Goose, part n/e, without skin, roasted
2598	Orégano, seco	oregano, dried
829	Ostra, cruda	Oyster, raw
2597	Paella	Paella
2596	Paella marinera	Seafood paella
2159	Palmera	Butterfly cookies
882	Palmito, en conserva	Palm heart, canned
830	Palometa, cruda	Derbio, frozen, raw
871	Palomitas de maíz, sin aceite, sin sal	Pop corn, without oil, without salt
2160	Pan blanco, de barra	White bread
1064	Pan blanco, de barra, sin sal	White bread, without salt
2161	Pan blanco, de molde, tostado	Bread, sliced, toasted
2162	Pan blanco, frito	White bread, fried
1066	Pan blanco, tipo "baguette"	White bread, "baguette" type
2165	Pan blanco, tostado	White bread, toasted
2166	Pan blanco, tostado sin sal	White bread, toasted, without salt
1067	Pan de avena	Oat bread
1070	Pan de cebada	Barley bread
2167	Pan de centeno	Rye bread
2168	Pan de leche	Milk bread
1071	Pan de maíz	Corn bread
2163	Pan integral	Whole wheat bread
2164	Pan integral, de molde, tostado	Bread, whole wheat, sliced, toasted
2169	Pan integral, sin sal	Whole wheat bread, without salt
2170	Pan integral, tostado	Whole bread, toasted
2171	Pan rallado	Breadcrumbs
2173	Pan tostado integral	Whole wheat bread, toast
2174	Pan, tipo hamburguesa	Burguer bread
2283	Panceta, frita	Bacon, fried
2351	Panga, cruda	Iridescent shark, raw
1008	Papaya, cruda	Papaya, without skin, raw
2239	Paraguaya	Flat peach
1118	Pasta alimenticia, con huevo, cruda	Pasta, with egg, raw
1072	Pasta alimenticia, con huevo, hervida	Pasta, with egg, boiled
1073	Pasta alimenticia, con vegetales, cruda	Pasta, with vegetables, raw
1117	Pasta alimenticia, cruda	Pasta, raw
1074	Pasta alimenticia, integral, cruda	Pasta, whole, raw
1076	Pasta alimenticia, integral, hervida	Pasta, whole, boiled
1077	Pasta alimenticia, rellena con carne, hervida	Pasta, filled with meat, boiled
2240	Pasta de fruta	Fruit paste
2567	Pasta de sésamo	Tahini
2175	Pastas de te	Tea cookie
2658	Pastel	Cake
1115	Pastel con fruta confitada	Fruit cake
1116	Pastel de chocolate	Chocolate cake
1078	Pastel de manzana	Apple cake
2402	Patata, asada	Potato, roast
2403	Patata, cruda	Potato, raw
883	Patata, frita con aceite s/e, sin sal	Potato, fried in oil unspecified, without salt
2404	Patata, hervida	Potato, boiled
2405	Patata, prefrita, congelada	Potato, prefried, frozen
884	Patata, salteada con aceite girasol	Potato, sauteed, with sunflowerseed oil
870	Patatas chips, "lights"	Potato crips, low calorie
2594	Patatas, fritas, chips	Chips
2284	Pate de higado de cerdo, 30% de grasa	Pork liver pate, fat 30%
968	Paté de pimienta	Pepper paté
969	Pato, entero, asado	Duck, whole, roasted
976	Pato, entero, crudo	Duck, whole, raw
2285	Pavo, crudo	Turkey, raw
2286	Pavo, fiambre	Turkey luncheon meat
2287	Pavo, fiambre, bajo en grasa	Turkey luncheon meat, low fat
1059	Pavo, muslo, con piel, crudo	Turkey, leg, with skin, raw
2288	Pavo, pechuga, con piel, crudo	turkey, breast, with skin, raw
990	Pavo, pechuga, sin piel, a la plancha	Turkey, breast, without skin, grilled
2406	Pepinillos en vinagre	Pickled gherkin
2407	Pepino	Cucumber
2241	Pera	Pear
1013	Pera, enlatada en almíbar	Pear, canned, in syrup
831	Perca, al horno	Perch, baked
832	Perca, cruda	Perch, raw
2352	Percebe	 goose barnacle 
2289	Perdiz, cruda	Partridge, raw
2593	Perejil, fresco	parsley, fresh
1174	Pescadilla, congelada, cruda	Whiting, frozen, raw
834	Pescadilla, rebozada en harina, frita	Whiting, coated in batter, fried
2354	Pescado, genérico	Fish
928	Petit líquido, sabor fresa	Petit type cheese, liquid, strawberry flavour
924	Petit suïsse, cereales y fruta	Petit-suisse type cheese, with cereal and fruit
926	Petit suisse, chocolate	Petit-suisse type cheese, chocolate flavour
927	Petit suisse, fresa	Petit-suisse type cheese, strawberry flavour
1007	Petit Suisse, natural azucarado	Petit-suisse type cheese, plain, with sugar
835	Pez espada, crudo	Swordfish, raw
2356	Pez espada, emperador, plancha	Swordfish, griddle
977	Pichón, sin piel, asado	Pigeon, part n/e, without skin, roasted
2357	Pijota, cruda	Young hake, raw
2592	Pimentón, en polvo	paprika, powder
2591	Pimienta, blanca	white pepper
2590	Pimienta, negra	Black pepper
2408	Pimiento morrón, en conserva	Sweet pepper, whole, canned
2409	Pimiento rojo, crudo	Red pepper, raw
2410	Pimiento, frito	Pepper, fried
2242	Piña	Pineapple
2243	Piña en almíbar	Syrup pineapple
1167	Piña, enlatada en su jugo	Pineapple, canned, in juice
2244	Piñon	Pine nut
2203	Piñón, crudo, con cáscara	Pine nut, raw, in shell
2204	Pipa de calabaza	Pumpkin seeds
2205	Pipa de girasol	Sunflower seeds
2206	Pipas de girasol, peladas, con sal	Sunflower seeds, peeled, with salt
2207	Pistacho	Pistachio nut
2589	Pizza, precocinada	Pizza, precooked
2245	Plátano	Banana
836	Platija, al vapor	Wide-eyed flounder, steamed
837	Platija, cruda	Wide-eyed flounder, raw
2290	Pollo empanado, frito	Breaded chicken, fried
2291	Pollo, ala, con piel, cruda	Chicken, wing, with skin, raw
980	Pollo, entero, con piel, asado	Chicken, whole, with skin, roasted
2292	Pollo, entero, con piel, crudo	chicken, whole, with skin, raw
2293	Pollo, fiambre	Chicken luncheon meat
2294	Pollo, fiambre, bajo en grasa	Chicken luncheon meat, low fat
2295	Pollo, frito	Chicken, fried
992	Pollo, muslo, con piel, asado	Chicken, leg, with skin, roasted
993	Pollo, muslo, con piel, crudo	Chicken, leg, with skin, raw
2296	Pollo, parte sin especificar	Chiken, part not specified
994	Pollo, pechuga, con piel, crudo	Chicken, breast, with skin, raw
2297	Pollo, pechuga, plancha	Chiken, breast, grilled
2246	Pomelo	Grapefruit
2495	Preparado lácteo con omega 3	Dairy product with omega 3
2588	Pudding de pasas	Raisin pudding
2411	Puerro, crudo y congelado	Leek, raw, frozen
2412	Puerro, en conserva	Leek, canned
2298	Pulmón, de cerdo, crudo	Pork lung, raw
2299	Pulmón, de cordero, crudo	Lamb lung, raw
2300	Pulmón, de ternera, crudo	Veal lung, raw
2471	Pulpo	Octopus
2374	Pulpo, hervido	Octopus, boiled
886	Puré de patata y queso, en copos	Mashed potato and cheese, flakes
888	Puré de patata, con verduras, en copos	Mashed potato with vegetables, flakes
2413	Puré de patata, en copos	mashed potato, flakes
2414	Puré de patatas y champiñones, en copos	Mashed potatoes and mushrooms, flakes
887	Puré, de patata, con leche	Mashed potato with milk, flakes
691	Queso afuega'l pitu	Cheese, "afuega'l pitu" type
692	Queso ahumado de aliva	Cheese, "ahumado de aliva" type
2498	Queso azul	Blue cheese
2499	Queso brie	Brie cheese
2500	Queso cabra, curado	Goat cheese, cured
2501	Queso cabrales	Cabrales cheese
929	Queso Camembert 20-30% MG/ES	Camembert cheese, 20-30% fidm
930	Queso camembert 60% mg/es	Camembert cheese, 60% fidm
693	Queso cantabria	Cheese, "cantabria" type
694	Queso casín	Cheese, "casin" type
715	Queso Castellano	Cheese, "castellano" type
700	Queso cebreiro	Cheese, "cebreiro" type
1005	Queso Cheddar	Cheddar cheese
2502	Queso curado, genérico	Cured cheese
705	Queso de aracena	Cheese, "aracena" type
716	Queso de arzúa	Cheese, "arzúa" type
2503	Queso de bola	Cheese
696	Queso de cádiz	Cheese, "cádiz" type
931	Queso de Castilla-La Mancha, oveja y cabra	Lamb and goat cheese, "castilla-la mancha" type
932	Queso de Castilla-La Mancha, oveja, vaca y cabra	Lamb, cow and goat cheese, "castilla-la mancha" type
933	Queso de castilla-león, oveja y vaca	Sheep and cow cheese, "castilla-león" type
695	Queso de murcia, al vino	Cheese, "murcia with wine" type
706	Queso de tenerife	Cheese, "tenerife" type
707	Queso de tiétar	Cheese, "tiétar" type
2504	Queso edam	Cheese, edam type
2505	Queso emmental	Emmental cheese
2506	Queso en porciones	Processed cheese, portions
703	Queso flor de guía	Cheese, "flor de guía" type
2507	Queso fresco de burgos	Soft cheese, "burgos" type
934	Queso fresco, cabra	Goat cheese, uncured
939	Queso fresco, desnatado, con frutas	Uncured cheese, skimmed, with fruit
940	Queso fundido, extragraso (>60% MG/ES)	Processed cheese, >60 % fidm
704	Queso gata-hurdes	Cheese, "gata-hurdes" type
698	Queso gaztazarra	Cheese, "gaztazarra" type
941	Queso Gouda	Gouda cheese
711	Queso grazalema	Cheese, "grazalema" type
1011	Queso Gruyer	Gruyere cheese
699	Queso herreño	Cheese, "herreño" type
717	Queso Ibores	Cheese, "ibores" type
718	Queso Mahón	Cheese, "mahón" type
722	Queso majorero	Cheese, "majorero" type
2508	Queso manchego	Cheese "manchego" type
942	Queso manchego, en aceite	Cheese, "manchego" type, in oil
2510	Queso mozzarella	Mozzarella cheese
944	Queso munster	Muenster-type cheese
2511	Queso para untar	Chesee spread
945	Queso para untar, con finas hierbas	Cheese spread, with spice and herbs
947	Queso para untar, con salmón	Cheese spread, with salmon
948	Queso para untar, natural, bajo en calorías	Cheese spread, plain, light
2512	Queso parmesano	Parmesan cheese
708	Queso pasiego	Cheese, "pasiego" type
701	Queso pedroches	Cheese, "pedroches" type
709	Queso peñamellera	Cheese, "peñamellera" type
713	Queso picón	Cheese, "picón" type
712	Queso porrúa	Cheese, "porrúa" type
723	Queso Raclette	Raclette cheese
2513	Queso rallado, genérico	Grated cheese
2514	Queso roquefort	Roquefort cheese
721	Queso San Simón	Cheese, "san simón" type
2515	Queso semicurado, genérico	Semi-cured cheese
714	Queso serrat	Cheese, "serrat" type
710	Queso servilleta	Cheese, "servilleta" type
697	Queso Tetilla	Cheese, "tetilla" type
2516	Queso tierno, genérico	Fresh cheese
720	Queso torta del casar	Cheese, "torta del casar" type
702	Queso tupí	Cheese, "tupí" type
719	Queso Zamorano	Cheese, "zamorano" type
1083	Quinoa, cruda	Quinoa, raw
2415	Rábano	Radish
2301	Rabo de toro	Oxtail
838	Rape, a la parrilla	Monkfish, grilled
2623	Rape, crudo	Monkfish, raw
2624	Rape, plancha	Monkfish, griddle
2470	Raya, cruda	Ray, raw
2450	Refresco "tipo gaseosa"	Soft drink, soda type
2451	Refresco con gas, sabor cola, sin cafeina	Cola drink, carbonated, decaffeinated
2452	Refresco con gas, sabor cola, sin cafeina, bajo en calorías	Cola drink, light, carbonated, decaffeinated
2453	Refresco de té	Tea soft drink
2454	Refresco de té, bajo en calorías	Tea soft drink light
2455	Refresco tipo "tónica"	Soft drink, tonic water type
2456	Refresco, con gas, sabor naranja	Soft drink, carbonated, orange flavoured
2457	Refresco, sabor cola	Soft drink, cola flavoured
2458	Refresco, sabor cola, bajo en calorías	Soft drink, cola flavoured, light
1098	Refresco, sabor limón, con gas	Carbonated drink, lemon
1097	Refresco, sabor naranja, sin gas	Soft drink, orange flavoured, no carbonated
2659	Regaliz	Liquorice
2416	Remolacha, en conserva	beetroot, canned
2417	Repollo	Cabbage
2517	Requesón	Cottage cheese
1063	Riñón, de cordero, crudo	Kidney, lamb, raw
1069	Riñón, de ternera, crudo	Kidney, veal, raw
2625	Rodaballo	Turbot
2587	Rollito de primavera	Chinese spring roll
2586	Romero	Rosemary
1096	Ron	Rum
2176	Rosquilla	Ring-shaped pastry
2418	Rúcula	Arugula
866	Sal de mar	Sea salt
2585	Sal yodada	Iodized salt
2303	Salami	Salami
2308	Salchicha de pollo fresca	Fresh chicken sausage
2305	Salchicha, fresca	Sausage, fresh
2309	Salchicha, tipo "frankfurt"	Frankfurt sausage
988	Salchicha, tipo país, a la plancha	Sausage, "país" type, griddle
982	Salchicha, tipo viena	Sausage, viena type
2310	Salchichón	Salchichon
839	Salema, cruda	Salema, raw
2626	Salmón	Salmon
2627	Salmón ahumado	Smoked salmon
2628	Salmón, plancha	Salmon, griddle
2629	Salmonete	Mullet
2584	Salsa agridulce	Sweet and sour sauce
2583	Salsa al curry	Curry sauce
865	Salsa al roquefort	Roquefort sauce
2581	Salsa barbacoa	barbecue sauce
2580	Salsa bechamel	bechamel sauce
2579	Salsa boloñesa	Bolognese sauce
858	Salsa carbonara	Carbonara sauce
2577	Salsa de queso	cheese sauce
2575	Salsa de soja	Soya, sauce
857	Salsa napolitana	Napolitana sauce
856	Salsa siciliana, picante	Sicilian sauce, hot
855	Salsa vinagreta, con aceite de oliva	Vinaigrette sauce, with olive oil
2177	Salvado de trigo	Wheat, bran
2569	San jacobo, congelado	Breadcrumbed fried loin, ham and cheese
2247	Sandía	Watermelon
2459	Sangría	Sangria
2630	Sardina	Sardine
2631	Sardina, asada	Sardine, roasted
2632	Sardina, enlatada, en aceite, escurrida	sardine, canned in oil, drained
2633	Sardina, enlatada, en escabeche	Sardine, canned, pickled
2634	Sargo, crudo	Annular seabream, raw
2568	Seitán	Seitan
2178	Semilla de lino	Flax, seeds
1084	Sémola de trigo, cruda	Ground wheat, raw
1085	Sémola de trigo, hervida	Ground wheat, boiled
2635	Sepia	Cuttlefish
1127	Sésamo, semilla	Sesame, seed
1075	Sesos, de cerdo, crudos	Brain, pork, raw
1080	Sesos, de cordero, crudos	Brain, lamb, raw
1047	Sesos, de ternera, crudos	Brain, veal, raw
2419	Seta	Mushroom
2420	Seta, plancha	Mushroom, griddle
2460	Sidra	Sidra
1086	Sobao	Traditional sponge cake, sobao
2311	Sobrasada	Sobrasada
1110	Soda	Soda
1182	Sofrito	Lightly-fried vegatables
1124	Soja, fresca	Soybean, fresh
2208	Soja, frita	Soya, fried
849	Soja, germinada, en conserva	Soybean, sprouts, canned
1129	Soja, seca, cruda	Soybean, dry, raw
1122	Soja, seca, remojada, hervida	Soybean, dry, soaked, boiled
2565	Sopa de sobre maravilla	Instant soup with pasta, "maravilla" type
2564	Sopa de sobre, sin reconstituir	Instant soup, dried
2563	Suplemento proteico	Protein supplement
2562	Surimi	Surimi
2561	Tabasco	Tabasco, sauce
891	Tapioca, hervida	Tapioca, boiled
1094	Té, infusión, con leche	Tea infusion, with milk
843	Tenca, cruda	Tench, raw
2461	Tequila	Tequila
1030	Ternera, costilla, cruda	Veal, rib, raw, with separable fat
991	Ternera, lomo, crudo, con grasa separable	Veal, loin, raw, with separable fat
989	Ternera, parte s/e, asada	Veal, part n/e, roasted, with separable fat
2315	Ternera, parte sin especificar, cruda, con grasa separable	Veal, not specified part, raw, with separable fat
984	Ternera, solomillo, asado	Veal, sirloin, roasted, with separable fat
1029	Ternera, solomillo, sin grasa, crudo	Veal, sirloin, raw, with separable fat
2317	Tocino	Bacon
1121	Tofu	Tofu
2421	Tomate	Tomato
2560	Tomate frito	Tomato, fried
2422	Tomate, asado	Tomato, roasted
2423	Tomate, maduro, pelado y triturado, enlatado	tomato, ripe, peeled and ground, canned
892	Tomate, maduro, puré	Tomato, ripe, puree
2559	Tomillo, seco	Thyme, dried
2180	Torta de aceite	Oil cake
779	Tortilla, a la francesa	French ommelette
1088	Trigo, entero, crudo	Wheat, whole, raw
2636	Trucha	Trout
844	Trucha, ahumada	Trout, smoked
894	Trufa, cruda	Truffle, raw
785	Turrón, tipo Alicante	Nougat, "alicante" type
2249	Uva blanca	White grapes
2250	Uva blanca, congelada	White grape, frozen
1017	Uva negra, cruda	Red grape, raw
2251	Uva pasa	Raisin
995	Vaca/buey, parte s/e, asado	Beef, part n/e, roasted, with separable fat
997	Vaca/buey, parte s/e, estofado	Beef, part n/e, stewed, with separable fat
996	Vaca/buey, solomillo, a la plancha	Beef, sirloin, grilled
981	Vaca/buey, solomillo, crudo	Beef, sirloin, raw
2709	Vacuno, hígado, crudo	Veal, offals, liver, raw
2707	Vacuno, mollejas, crudas	Veal, offals, gizzard, raw
2558	Vainilla	Vanilla
1095	Vermut, s/e	Vermuth, n/e
2637	Vieira	Scallop
846	Vieja, cruda	Parrot fish, raw
2557	Vinagre balsámico	Balsamic vinegar
2556	Vinagre de manzana	Apple vinegar
2124	Vinagre de vino	Wine vinegar
2462	Vino blanco	White wine
2463	Vino dulce, tipo oporto	Sweet wine, "oporto" type
2464	Vino rosado	Wine, rose
2465	Vino tinto	Red wine
1092	Vodka	Vodka
847	Volador, crudo	Flying fish, raw
2466	Whisky	Whisky
2520	Yogur griego	Strained yogurt
2521	Yogur líquido, "tipo actimel"	Yoghurt liquid, "type actimel"
950	Yogur líquido, aromatizado sabor s/e	Drinking yogurt, flavoured n/e
1160	Yogur líquido, con frutas s/e	Yogurt, liquid, whole milk, with fruits
952	Yogur líquido, entero, con cereales	Liquid yogurt, whole milk, with cereals
1133	Yogur líquido, natural, azucarado	Drinking yogurt, plain, sweetened
953	Yogur, búlgaro	Yogurt, bulgarian-style
2532	Yogur, desnatado, aromatizado sabor s/e	Yogurt , skimmed, flavoured n/e
955	Yogur, desnatado, con cereales	Yogurt, skimmed, with cereals
2524	Yogur, desnatado, con cereales, manzana y ciruela	Yogurt, skimmed, with cereals, apple and plum
1135	Yogur, desnatado, con cereza y frambuesa	Yogurt, skimmed, with cherry and raspberry
2525	Yogur, desnatado, con ciruela, albaricoque y fibra	Yogurt, skimmed, with plum, apricot and fiber
2526	Yogur, desnatado, con fresa, grosella y fibra	Yogurt, skimmed, with strawberry, redcurrant and fiber
2527	Yogur, desnatado, con frutas	Yogurt, skimmed, with fruits
1137	Yogur, desnatado, con frutas del bosque	Yogurt, skimmed, with fruits of the forest
1140	Yogur, desnatado, con frutas tropicales	Yogurt, skimmed, with tropical fruits
1141	Yogur, desnatado, con manzana	Yogurt, skimmed, with apple
1144	Yogur, desnatado, con melocotón y maracuyá	Yogurt, skimmed, with peach and yellow passion fruit
2528	Yogur, desnatado, con melocotón, frambuesa y fibra	Yogurt, skimmed, with peach, raspberry and fiber
1149	Yogur, desnatado, con piña y pomelo	Yogurt, skimmed, with pineapple and grapefruit
2530	Yogur, desnatado, sabor natural	Yogurt, skimmed, plain flavour
2531	Yogur, desnatado, sabor natural, azucarado	Yogurt, skimmed, plain flavour, sweetened
1158	Yogur, desnatado, sabor vainilla	Yogurt, skimmed, vanilla flavour
1131	Yogur, enriquecido, con frutas	Yogurt, enriched, with fruits
1143	Yogur, enriquecido, natural	Yogurt, enriched, plain
1145	Yogur, enriquecido, natural, azucarado	Yogurt, enriched, plain, sweetened
1130	Yogur, enriquecido, natural, con nata	Yogurt, enriched, plain, with cream
1150	Yogur, enriquecido, sabor, s/e	Yogurt, enriched, unspecified flavour
2533	Yogur, entero, con cereales y fresas	Yogurt, whole milk, with cereals and strawberry
1159	Yogur, entero, con fresas	Yogurt, whole milk, with strawberry
2534	Yogur, entero, con frutas del bosque	Yogurt, whole milk, with fruits of the forest
1155	Yogur, líquido, desnatado, natural	Drinking yogurt, skimmed, plain
2535	Yogur, líquido, entero, con fresas	Drinking yogurt, whole milk, with strawberry
2536	Yogur, líquido, entero, con frutas	Drinking yogurt, whole milk, with fruits
2537	Yogur, líquido, entero, sabor fresa	Drinking yogurt, whole milk, strawberry flavoured
2538	Yogur, líquido, entero, sabor fresa y plátano	Drinking yogurt, whole milk, strawberry and banana flavoured
2539	Yogur, líquido, entero, sabor frutas del bosque	Drinking yogurt, whole milk, fruits of the forest flavoured
2540	Yogur, líquido, entero, sabor piña y coco	Drinking yogurt, whole milk, pineapple and coconut flavoured
2639	Zamburiñas	Variegated scallop
2424	Zanahoria, cruda	Carrot, raw
1091	Zumo de grosella negra	Black currant juice
1090	Zumo de grosella roja	Red currant juice
1089	Zumo de lima, envasado	Lime juice
937	Zumo de limón, fresco	Lemon juice, fresh
1081	Zumo de mango	Mango juice
2467	Zumo de manzana	Apple juice
2468	Zumo de naranja	Orange juice
2469	Zumo de piña	Pineapple juice
1068	Zumo de piña y uva	Pineapple and grape juice
1079	Zumo de pomelo, envasado	Grapefruit juice
2248	Zumo de tomate, fresco	Tomato, fresh juice
2365	Zumo de uva	Grape juice
791	Zumo de uva y melocotón	Grape and peach juice
2252	Zumo de zanahoria, fresco	Carrot, fresh juice
9990	Sopa	Soup
9991	Buey	Ox
9992	Huevos	Huevos
9993	Harina	Flour
9994	Curry	Curry
9995	Agua	Water
9996	Anemonas	Anemones
9997	Sal	Salt
9998	Maiz	Corn
